City_ID,City,Lat,Lng,Max Temp,Humidity,Cloudiness,Wind Speed,Country,Date
0,weno,7.4515,151.8468,28.97,84,75,2.06,FM,1692710212
1,andahuaylas,-13.6556,-73.3872,12.38,68,22,1.72,PE,1692710212
2,adamstown,-25.066,-130.1015,18.86,68,100,13.55,PN,1692710212
3,west island,-12.1568,96.8225,26.99,78,100,10.29,CC,1692710129
4,bredasdorp,-34.5322,20.0403,17.79,57,2,13.59,ZA,1692710213
5,yellowknife,62.456,-114.3525,13.56,92,75,2.57,CA,1692710213
6,coahuayana de hidalgo,18.7,-103.6583,25.27,84,78,1.85,MX,1692710214
7,kapuskasing,49.4169,-82.4331,15.05,88,75,1.54,CA,1692710214
8,carnarvon,-24.8667,113.6333,18.86,73,0,11.02,AU,1692710214
9,puerto natales,-51.7236,-72.4875,0.65,88,97,1.3,CL,1692710180
10,tsiombe,-25.3,45.4833,29.19,39,0,5.67,MG,1692710214
11,port lincoln,-34.7333,135.8667,11.36,67,72,3.38,AU,1692710215
12,bethel,41.3712,-73.414,20.2,68,0,4.63,US,1692710215
13,jilib,0.4883,42.7854,31.11,45,35,6.8,SO,1692710215
14,invercargill,-46.4,168.35,5.57,87,99,1.34,NZ,1692710171
15,pacific grove,36.6177,-121.9166,17.59,90,11,0.45,US,1692710215
16,chonchi,-42.6128,-73.8092,5.56,88,35,1.66,CL,1692710215
17,bilibino,68.0546,166.4372,2.48,86,74,1.89,RU,1692710216
18,ixtapa,20.7,-105.2,26.79,94,75,0.0,MX,1692710216
19,qaqortoq,60.7167,-46.0333,9.53,90,100,1.5,GL,1692710216
20,edinburgh of the seven seas,-37.0676,-12.3116,13.02,88,100,7.09,SH,1692710216
21,atafu village,-8.5421,-172.5159,27.84,79,21,8.72,TK,1692710216
22,miri,4.4148,114.0089,26.08,94,40,2.06,MY,1692710216
23,tiksi,71.6872,128.8694,3.36,97,100,2.83,RU,1692710217
24,antsirabe,-19.85,47.0333,20.33,48,96,0.35,MG,1692710217
25,san patricio,28.017,-97.5169,28.92,85,100,9.29,US,1692710217
26,klaksvik,62.2266,-6.589,16.51,99,100,5.63,FO,1692710217
27,crane,31.3974,-102.3501,25.62,55,76,2.65,US,1692710217
28,shingu,33.7333,135.9833,26.07,88,100,3.28,JP,1692710019
29,grytviken,-54.2811,-36.5092,-2.03,97,96,4.49,GS,1692710217
30,lihue,21.9789,-159.3672,26.77,84,75,4.63,US,1692710218
31,punta arenas,-53.15,-70.9167,0.62,92,100,3.08,CL,1692710011
32,ola,59.5833,151.2833,13.97,84,94,1.28,RU,1692710218
33,ushuaia,-54.8,-68.3,2.71,99,100,0.48,AR,1692709971
34,port-aux-francais,-49.35,70.2167,1.5,72,100,8.41,TF,1692710076
35,qinggang,46.6833,126.0833,16.73,87,0,4.05,CN,1692710218
36,uturoa,-16.7333,-151.4333,24.23,66,100,5.65,PF,1692710219
37,petropavlovsk-kamchatsky,53.0452,158.6483,14.88,93,100,4.33,RU,1692709926
38,plettenberg bay,-34.0527,23.3716,20.68,38,2,2.26,ZA,1692710219
39,kristiansund,63.1115,7.732,20.36,64,0,1.54,NO,1692710219
40,crucecita,-28.95,-58.9833,26.29,51,0,5.94,AR,1692710219
41,whitehorse,60.7161,-135.0538,7.95,81,20,0.89,CA,1692710220
42,nova paka,50.4945,15.515,29.39,48,86,4.16,CZ,1692710220
43,waitangi,-43.9535,-176.5597,9.34,79,26,3.13,NZ,1692710221
44,nyurba,63.2842,118.3319,7.23,65,5,2.28,RU,1692710221
45,san carlos de bariloche,-41.1456,-71.3082,2.36,87,20,10.29,AR,1692710221
46,ribeira grande,38.5167,-28.7,24.32,60,40,4.47,PT,1692709933
47,thurso,58.5927,-3.5259,19.14,76,78,7.22,GB,1692710222
48,haiku-pauwela,20.9219,-156.3051,24.03,75,0,4.63,US,1692710222
49,aasiaat,68.7098,-52.8699,5.09,85,36,3.76,GL,1692710222
50,wailua homesteads,22.0669,-159.378,26.44,88,75,4.63,US,1692710223
51,quepos,9.4236,-84.1652,24.05,97,100,1.31,CR,1692710223
52,thompson,55.7435,-97.8558,12.09,87,75,0.0,CA,1692710224
53,afaahiti,-17.75,-149.2833,20.59,65,52,5.04,PF,1692710224
54,inhambane,-23.865,35.3833,25.77,71,0,7.68,MZ,1692710224
55,leksand,60.7339,15.0032,20.25,82,100,1.46,SE,1692710224
56,albany,42.6001,-73.9662,18.15,74,10,0.45,US,1692710224
57,anadyr,64.75,177.4833,10.56,81,75,1.79,RU,1692710224
58,remire-montjoly,4.9167,-52.2667,30.02,70,75,4.12,GF,1692710224
59,ratnagiri,16.9833,73.3,27.46,79,25,3.56,IN,1692710225
60,saquarema,-22.92,-42.5103,27.08,62,0,1.45,BR,1692710176
61,nguigmi,14.2495,13.1092,35.94,32,35,2.94,NE,1692710225
62,salinopolis,-0.6136,-47.3561,27.95,73,91,6.69,BR,1692709970
63,iqaluit,63.7506,-68.5145,7.85,81,75,5.66,CA,1692710225
64,blackmans bay,-43.0167,147.3167,6.5,88,10,2.46,AU,1692710226
65,ta`u,-14.2336,-169.5144,26.24,69,18,8.78,AS,1692710226
66,port alfred,-33.5906,26.891,22.88,56,48,1.34,ZA,1692710226
67,la passe,45.5549,-0.8967,35.13,48,8,5.71,FR,1692710226
68,sao joao da barra,-21.6403,-41.0511,27.05,66,0,0.36,BR,1692710226
69,ghat,24.9647,10.1728,39.37,10,15,1.31,LY,1692710227
70,saipan,15.1355,145.701,28.39,100,0,0.0,MP,1692710227
71,sarupathar,26.1984,93.8094,23.96,99,100,1.03,IN,1692710227
72,sarmiento,-45.5882,-69.07,4.91,56,1,12.72,AR,1692710227
73,olonkinbyen,70.9221,-8.7187,5.9,88,11,3.46,SJ,1692710227
74,chinchilla,-26.75,150.6333,15.8,51,0,2.98,AU,1692710228
75,malango,-2.9627,119.9001,19.49,99,37,0.73,ID,1692710228
76,camana,-16.6228,-72.7111,19.08,68,82,3.05,PE,1692710202
77,vadso,70.0744,29.7487,10.49,76,75,1.54,NO,1692710228
78,papatowai,-46.5619,169.4708,6.36,73,51,2.56,NZ,1692710229
79,mount gambier,-37.8333,140.7667,7.29,81,58,2.51,AU,1692710071
80,yeniseysk,58.4497,92.1703,17.64,80,99,1.98,RU,1692709991
81,cles,46.3667,11.0333,34.7,25,17,1.98,IT,1692710229
82,san antonio de pale,-1.4014,5.6325,23.24,91,99,5.0,GQ,1692710230
83,gadzhiyevo,69.2551,33.3362,9.37,80,100,3.37,RU,1692710230
84,kone,-21.0595,164.8658,17.19,84,11,2.4,NC,1692710230
85,longyearbyen,78.2186,15.6401,5.91,93,75,1.03,SJ,1692710231
86,karimganj,24.8667,92.35,23.96,98,100,1.58,IN,1692710231
87,kargasok,59.0556,80.8572,14.96,84,92,5.73,RU,1692710231
88,badger,64.8,-147.5333,11.95,90,100,2.06,US,1692710231
89,constantia,44.1833,28.65,34.38,54,5,5.44,RO,1692710232
90,mahriz,31.5917,54.4318,36.28,10,11,4.88,IR,1692710232
91,quatre cocos,-20.2078,57.7625,23.38,78,72,8.04,MU,1692710232
92,kavaratti,10.5669,72.642,28.12,77,98,5.82,IN,1692710232
93,margaret river,-33.95,115.0667,13.53,66,79,3.39,AU,1692710233
94,goz beida,13.95,20.55,36.46,30,18,0.39,TD,1692710233
95,mount isa,-20.7333,139.5,12.87,41,5,3.6,AU,1692710233
96,lorengau,-2.0226,147.2712,27.39,83,30,3.89,PG,1692710233
97,prince rupert,54.3161,-130.3201,13.83,100,100,1.54,CA,1692710234
98,luderitz,-26.6481,15.1594,16.64,62,0,6.28,NA,1692710234
99,kodiak,57.79,-152.4072,11.73,100,100,1.54,US,1692710234
100,utrik,11.2278,169.8474,28.68,73,44,6.79,MH,1692710234
101,ust-nera,64.5667,143.2,6.22,98,100,2.6,RU,1692710234
102,podgornoye,51.735,39.1496,18.12,82,0,2.0,RU,1692710234
103,jamestown,42.097,-79.2353,17.53,82,0,3.6,US,1692710235
104,vorgashor,67.5833,63.95,14.5,57,57,4.89,RU,1692710133
105,sinabang,2.4803,96.3801,27.15,79,21,2.28,ID,1692710235
106,yulinshi,38.2906,109.7494,21.78,42,48,3.11,CN,1692710235
107,arenal,8.4593,-73.9433,25.04,95,100,1.21,CO,1692710235
108,iskateley,67.6803,53.1512,13.08,69,81,5.04,RU,1692710235
109,isafjordur,66.0755,-23.124,11.02,66,0,3.09,IS,1692710236
110,nuku'alofa,-21.1333,-175.2,20.19,64,20,3.6,TO,1692710236
111,pampas,-12.4,-74.9,10.69,72,100,0.85,PE,1692710236
112,aral,40.5156,81.2636,33.96,13,100,1.74,CN,1692710155
113,mana,5.6592,-53.7767,28.71,70,45,4.11,GF,1692710236
114,fale old settlement,-9.3852,-171.2468,27.45,79,5,8.53,TK,1692710236
115,nemuro,43.3236,145.575,20.05,100,100,4.57,JP,1692710237
116,severo-yeniseyskiy,60.3725,93.0408,13.3,76,100,1.64,RU,1692710237
117,san rafael del yuma,18.4299,-68.6739,28.76,91,100,4.89,DO,1692710237
118,igarape acu,-1.1289,-47.62,27.77,68,100,3.87,BR,1692710237
119,hobyo,5.3505,48.5268,27.85,76,1,12.21,SO,1692710129
120,zalingei,12.9096,23.4741,32.22,41,79,2.16,SD,1692710238
121,chany,55.3121,76.7647,20.76,76,86,3.8,RU,1692710238
122,belmonte,-15.8631,-38.8828,25.91,80,73,3.83,BR,1692710238
123,zhangzhou,24.5133,117.6556,25.59,95,100,0.94,CN,1692709967
124,talnakh,69.4865,88.3972,12.34,92,100,3.47,RU,1692710036
125,fandrandava,-21.5208,47.2453,19.55,66,7,3.93,MG,1692710238
126,itoman,26.1247,127.6694,28.21,78,20,1.54,JP,1692710097
127,codrington,-38.2667,141.9667,6.5,78,58,4.15,AU,1692710239
128,bamiantong,44.9333,130.5333,19.93,93,100,2.81,CN,1692710164
129,khalkhal,37.6189,48.5258,30.19,19,38,4.71,IR,1692710239
130,kirakira,-10.4544,161.9205,25.59,90,100,4.16,SB,1692710239
131,berezovyy,51.6667,135.7,15.83,96,100,0.96,RU,1692710239
132,ilulissat,69.2167,-51.1,10.01,57,40,4.12,GL,1692710239
133,hermanus,-34.4187,19.2345,14.2,81,100,13.04,ZA,1692710240
134,hamilton,39.1834,-84.5333,24.99,81,0,3.6,US,1692710240
135,enewetak,11.3474,162.3373,29.09,76,100,7.64,MH,1692710240
136,zaozersk,69.4005,32.4476,9.68,79,100,2.66,RU,1692710240
137,libreville,0.3925,9.4537,27.32,70,98,3.73,GA,1692710240
138,palu,-0.8917,119.8707,24.66,96,49,0.96,ID,1692710121
139,labrador city,52.9463,-66.9114,7.95,87,75,5.14,CA,1692710241
140,khanty-mansiysk,61.0042,69.0019,13.06,100,40,3.13,RU,1692710005
141,westport,41.1415,-73.3579,21.02,69,20,5.14,US,1692710241
142,kruisfontein,-34.0033,24.7314,22.63,28,5,3.22,ZA,1692710241
143,georgetown,5.4112,100.3354,29.97,79,20,2.06,MY,1692710242
144,hawaiian paradise park,19.5933,-154.9731,23.35,97,0,3.09,US,1692710242
145,betio village,1.358,172.9211,29.02,71,89,4.13,KI,1692710242
146,rongelap,11.1635,166.8941,28.47,77,75,6.84,MH,1692710243
147,paracuru,-3.41,-39.0306,27.84,62,76,7.27,BR,1692710243
148,arkhangel'sk,64.5401,40.5433,11.22,69,100,3.07,RU,1692710243
149,magadan,59.5667,150.8,13.63,82,100,2.52,RU,1692709980
150,puerto baquerizo moreno,-0.9,-89.6,24.45,76,85,4.84,EC,1692710243
151,manokwari,-0.8667,134.0833,26.39,79,100,1.32,ID,1692710216
152,hatillo,18.4863,-66.8254,28.95,83,95,2.02,PR,1692710244
153,urubamba,-13.3047,-72.1158,11.5,63,9,0.39,PE,1692710244
154,starokucherganovka,46.3248,47.9555,36.96,22,40,8.05,RU,1692710244
155,praia,14.9215,-23.5087,29.3,79,75,3.6,CV,1692710244
156,minot,48.2325,-101.2963,15.12,94,100,2.57,US,1692710202
157,taoudenni,22.6783,-3.9836,43.76,13,54,2.42,ML,1692710245
158,greymouth,-42.4667,171.2,4.22,90,62,2.26,NZ,1692710245
159,yangambi,0.8102,24.4336,36.68,32,31,0.86,CD,1692710245
160,dudinka,69.4058,86.1778,12.57,92,93,3.62,RU,1692710093
161,perry,37.2506,-83.1999,25.4,83,100,1.03,US,1692710246
162,bayanhongor,46.7167,100.1167,8.54,86,100,0.81,MN,1692710246
163,champerico,14.3,-91.9167,24.3,83,100,2.9,GT,1692710246
164,mae hong son,19.3003,97.9685,24.53,98,100,1.18,TH,1692710238
165,gloversville,43.0528,-74.3438,17.98,87,52,0.85,US,1692710246
166,alamo,20.9167,-97.6833,24.8,87,9,1.78,MX,1692710246
167,micheweni,-4.9667,39.8333,27.12,64,9,4.83,TZ,1692710246
168,sanctuary point,-35.1114,150.629,15.42,93,100,2.73,AU,1692710247
169,st. john's,47.5649,-52.7093,17.93,97,100,4.12,CA,1692710247
170,ilebo,-4.3167,20.5833,39.57,20,86,0.73,CD,1692710248
171,tura,25.5198,90.2201,23.53,95,100,3.51,IN,1692710248
172,canitas de felipe pescador,23.6,-102.7167,14.92,76,7,2.77,MX,1692710248
173,puerto ayora,-0.7393,-90.3518,24.75,90,100,2.68,EC,1692710248
174,nagqu,31.5,92.0,9.16,62,3,1.17,CN,1692710249
175,flying fish cove,-10.4217,105.6791,24.82,83,100,6.17,CX,1692710249
176,sao jose da coroa grande,-8.8978,-35.1478,27.02,72,93,5.08,BR,1692710249
177,nadi,-17.8,177.4167,22.0,78,40,5.14,FJ,1692710180
178,lebu,-37.6167,-73.65,9.95,89,100,2.2,CL,1692710241
179,nantucket,41.2835,-70.0995,20.57,75,100,7.2,US,1692710250
180,sangin,32.0728,64.8359,38.51,6,0,5.59,AF,1692710250
181,castillos,-34.1667,-53.8333,14.87,97,100,3.85,UY,1692710250
182,tondano,1.3038,124.9112,24.05,92,100,2.54,ID,1692710251
183,tarasovskiy,48.7292,40.3636,29.2,34,0,5.64,RU,1692710251
184,bamboo flat,11.7,92.7167,27.18,83,100,4.28,IN,1692710252
185,okhotsk,59.3833,143.3,12.2,90,21,1.83,RU,1692710252
186,ulundi,-28.3352,31.4162,28.97,16,0,4.13,ZA,1692710252
187,laboulaye,-34.1266,-63.3912,10.58,40,8,7.95,AR,1692710252
188,port elizabeth,-33.918,25.5701,21.16,40,0,3.09,ZA,1692710025
189,nar'yan-mar,67.6713,53.087,13.15,68,79,4.86,RU,1692710041
190,uthai thani,15.3833,99.55,26.61,80,100,2.39,TH,1692710253
191,robertsport,6.7533,-11.3686,27.2,77,60,5.41,LR,1692710253
192,santa vitoria do palmar,-33.5189,-53.3681,15.7,94,100,3.15,BR,1692710248
193,amungan,15.3652,119.9582,27.8,81,96,0.99,PH,1692710253
194,port mathurin,-19.6833,63.4167,23.19,79,1,7.85,MU,1692710253
195,tadine,-21.55,167.8833,20.06,65,100,6.56,NC,1692710254
196,razdol'noye,45.7708,33.4878,32.87,33,0,4.2,UA,1692710254
197,east london,-33.0153,27.9116,20.52,56,0,3.09,ZA,1692710021
198,new norfolk,-42.7826,147.0587,7.16,95,12,1.6,AU,1692710254
199,polyarnyy,69.1989,33.4478,9.36,82,100,3.23,RU,1692710254
200,palangkaraya,-2.2,113.8333,26.75,69,45,1.9,ID,1692710255
201,farafangana,-22.8167,47.8333,24.1,76,0,5.19,MG,1692710255
202,lompoc,34.6391,-120.4579,17.18,86,20,1.34,US,1692710255
203,ar rass,25.8694,43.4973,43.28,6,5,5.92,SA,1692710256
204,santana,-0.0583,-51.1817,31.1,70,75,3.6,BR,1692710256
205,saguenay,48.4168,-71.0657,13.93,79,75,5.66,CA,1692710256
206,carlsbad,33.1581,-117.3506,19.63,93,0,1.34,US,1692710256
207,cidreira,-30.1811,-50.2056,18.25,84,100,6.97,BR,1692710257
208,asipovichy,53.2933,28.6422,23.76,41,83,5.0,BY,1692710257
209,guajara mirim,-10.7828,-65.3394,30.09,62,0,2.57,BR,1692710258
210,udachny,66.4167,112.4,6.92,65,11,3.56,RU,1692710125
211,ayacucho,-13.1583,-74.2239,13.92,28,0,1.54,PE,1692710188
212,ibiuna,-23.6564,-47.2225,24.89,39,0,3.46,BR,1692710258
213,gympie,-26.1898,152.665,13.33,96,11,0.64,AU,1692710258
214,puerto lempira,15.2667,-83.7667,27.08,78,75,2.06,HN,1692710259
215,lazaro cardenas,17.9583,-102.2,25.19,86,4,2.14,MX,1692710259
216,cooper's town,26.8667,-77.5167,28.39,69,0,7.44,BS,1692710259
217,kailua-kona,19.6406,-155.9956,25.28,88,100,3.09,US,1692710059
218,susuman,62.7833,148.1667,3.07,98,100,2.14,RU,1692710260
219,souillac,-20.5167,57.5167,22.21,88,75,3.09,MU,1692710260
220,posse,-14.0931,-46.3694,29.86,28,8,4.62,BR,1692710260
221,tual,-5.6667,132.75,25.98,86,85,8.76,ID,1692710260
222,college,64.8569,-147.8028,11.99,89,100,2.06,US,1692710260
223,oleksandriys'ke,48.6077,32.9835,29.95,22,0,8.53,UA,1692710260
224,kourou,5.1552,-52.6478,30.03,69,50,4.34,GF,1692710261
225,anqing,30.5092,117.0506,25.56,91,0,2.23,CN,1692710044
226,maragogi,-9.0122,-35.2225,26.82,74,88,5.03,BR,1692710261
227,sovetskaya gavan',48.9723,140.2878,18.62,99,100,0.83,RU,1692710261
228,qamdo,31.1667,97.2333,8.08,67,73,1.25,CN,1692710262
229,sitka,57.0531,-135.33,14.94,67,100,4.63,US,1692710262
230,revda,56.801,59.9303,17.0,44,100,2.38,RU,1692710262
231,nova sintra,14.8667,-24.7167,24.57,79,100,3.35,CV,1692710263
232,kitami,43.8031,143.8908,24.51,95,12,2.85,JP,1692710261
233,kudahuvadhoo,2.6708,72.8944,28.68,69,100,5.49,MV,1692710222
234,pingliang,35.5392,106.6861,17.01,88,100,2.75,CN,1692710194
235,as suwayq,23.8494,57.4386,34.24,50,41,3.03,OM,1692710164
236,rio san juan,19.6439,-70.0763,26.76,78,44,2.86,DO,1692710263
237,port blair,11.6667,92.75,27.16,83,100,4.38,IN,1692710263
238,usinsk,65.9939,57.5281,9.15,95,100,3.69,RU,1692710264
239,tannum sands,-23.9504,151.3693,16.94,82,0,0.0,AU,1692710264
240,semnan,35.5729,53.3971,35.15,16,36,3.1,IR,1692710182
241,gumdag,39.2061,54.5906,38.04,12,2,3.07,TM,1692710264
242,ancud,-41.8697,-73.8203,7.49,73,100,5.28,CL,1692710264
243,san nicolas de bari,22.7844,-81.9133,27.71,80,99,5.52,CU,1692710264
244,fortuna,40.5982,-124.1573,12.42,95,100,0.0,US,1692710265
245,sainte-marie,-20.8968,55.5496,25.07,77,75,9.26,RE,1692709984
246,marsh harbour,26.5412,-77.0636,28.41,70,0,7.76,BS,1692710265
247,asbest,57.0099,61.4578,18.0,41,97,2.88,RU,1692710266
248,bol'shoye murashkino,55.7826,44.7754,18.97,49,98,2.72,RU,1692710266
249,sisimiut,66.9395,-53.6735,12.53,72,100,1.57,GL,1692710266
250,cabo san lucas,22.8909,-109.9124,28.06,86,20,1.54,MX,1692710266
251,santa terezinha,-29.9002,-50.0904,19.58,79,100,6.89,BR,1692710266
252,jaisalmer,26.9147,70.9181,37.93,31,82,7.12,IN,1692710140
253,darlowo,54.421,16.4107,20.75,60,30,3.39,PL,1692710266
254,bestobe,52.4994,73.0975,28.42,32,56,5.37,KZ,1692710266
255,soe,-9.8607,124.284,16.55,88,5,2.48,ID,1692710267
256,naze,28.3667,129.4833,25.51,86,9,0.23,JP,1692710210
257,tomatlan,19.9333,-105.25,25.47,78,100,1.32,MX,1692710267
258,geraldton,-28.7667,114.6,10.23,93,2,3.09,AU,1692710233
259,tolanaro,-25.0319,46.9987,24.36,75,3,8.2,MG,1692710166
260,vikulovo,56.8167,70.6107,20.39,41,94,3.98,RU,1692710268
261,kas,36.2018,29.6377,32.81,53,0,2.48,TR,1692710268
262,thabazimbi,-24.5917,27.4116,33.45,10,0,5.75,ZA,1692710268
263,thinadhoo,0.5333,72.9333,28.17,75,100,5.48,MV,1692710268
264,nigel,-26.4314,28.4771,30.21,6,0,7.52,ZA,1692710268
265,chinde,26.8418,88.0763,19.86,93,86,1.22,NP,1692710269
266,flin flon,54.7682,-101.865,14.91,94,100,1.03,CA,1692710269
267,belyy yar,53.6039,91.3903,18.94,68,0,2.0,RU,1692710269
268,woolgoolga,-30.1106,153.2007,15.58,85,0,3.06,AU,1692710269
269,talcahuano,-36.7167,-73.1167,8.82,100,100,2.06,CL,1692710269
270,la ronge,55.1001,-105.2842,15.14,88,75,2.06,CA,1692710270
271,kankanhalli,12.55,77.4167,28.34,58,100,1.64,IN,1692710270
272,akureyri,65.6835,-18.0878,9.96,66,100,1.54,IS,1692709983
273,ribeira brava,32.65,-17.0667,33.17,74,100,1.72,PT,1692710270
274,tete,-16.1564,33.5867,37.05,19,0,3.6,MZ,1692710270
275,cafayate,-26.073,-65.9761,21.48,4,100,1.15,AR,1692710270
276,mentekab,3.4854,102.3484,26.08,94,79,0.75,MY,1692710159
277,qashyr,53.0675,76.1036,28.24,34,6,6.37,KZ,1692710271
278,aberystwyth,52.4155,-4.0829,19.94,87,82,7.0,GB,1692710271
279,montepuez,-13.1256,38.9997,32.25,20,0,2.44,MZ,1692710271
280,levuka,50.1834,-105.4011,13.9,100,100,5.14,CA,1692710272
281,slave lake,55.2834,-114.769,10.99,100,100,1.54,CA,1692710272
282,moranbah,-22.0016,148.0466,16.37,73,0,4.14,AU,1692710272
283,avarua,-21.2078,-159.775,19.03,94,75,3.09,CK,1692710272
284,opuwo,-18.0607,13.84,33.16,8,0,3.93,NA,1692710272
285,timimoun,29.2639,0.231,43.21,8,0,7.2,DZ,1692710095
286,suvorovskaya,44.1942,42.6539,35.16,18,75,4.76,RU,1692710273
287,stanley,54.868,-1.6985,20.4,70,40,7.72,GB,1692710273
288,holualoa,19.6228,-155.9522,23.21,87,100,3.09,US,1692710274
289,courtenay,49.6866,-124.9936,15.96,73,75,2.06,CA,1692710188
290,floresta,-8.6011,-38.5686,30.65,40,6,5.59,BR,1692710275
291,great falls,47.5002,-111.3008,16.49,97,75,0.0,US,1692710275
292,fiambala,-27.6871,-67.6149,23.73,3,35,6.54,AR,1692710275
293,center,31.5107,-96.4247,29.58,71,90,0.45,US,1692710275
294,pisco,-13.7,-76.2167,18.03,94,100,2.06,PE,1692710066
295,malmberget,67.1753,20.6549,16.31,63,0,2.06,SE,1692710276
296,cordele,31.9635,-83.7824,28.58,78,0,0.0,US,1692710276
297,tughyl,47.7252,84.2063,24.85,39,100,2.92,KZ,1692710276
298,el granada,37.5027,-122.4694,19.97,85,40,1.54,US,1692710276
299,margate,51.3813,1.3862,24.27,70,6,1.34,GB,1692710277
300,yangjiang,21.85,111.9667,27.92,83,100,2.01,CN,1692710146
301,novyy urgal,51.0736,132.5642,15.34,98,100,0.63,RU,1692710277
302,khovd,48.0056,91.6419,17.1,57,43,3.33,MN,1692710277
303,banda aceh,5.5577,95.3222,27.5,81,91,4.69,ID,1692710099
304,jining,35.405,116.5814,24.53,76,0,2.56,CN,1692710277
305,turpan,42.9333,89.1667,37.35,10,0,1.83,CN,1692710278
306,cannonvale,-20.2833,148.7,20.66,83,0,4.57,AU,1692710278
307,niquelandia,-14.4739,-48.4597,32.98,23,11,2.83,BR,1692710025
308,namibe,-15.1961,12.1522,21.33,75,30,5.89,AO,1692710127
309,samana,19.2056,-69.3369,26.12,89,75,2.06,DO,1692710278
310,cestos city,5.46,-9.5828,26.59,82,77,5.87,LR,1692710279
311,sen monorom,12.45,107.2,21.09,96,58,1.49,KH,1692710279
312,belomorsk,64.5232,34.7668,12.6,69,100,2.79,RU,1692710279
313,frankfort,-27.2667,28.4833,25.23,6,0,6.27,ZA,1692710279
314,alliance,40.9153,-81.1059,20.51,83,100,4.01,US,1692710212
315,machico,32.7,-16.7667,33.17,65,20,3.09,PT,1692710279
316,floro,61.5996,5.0328,21.04,68,75,4.63,NO,1692710280
317,fonte boa,-2.4959,-66.2662,29.11,51,89,2.15,BR,1692710280
318,onega,63.9061,38.1404,12.74,63,95,3.88,RU,1692710115
319,newman,37.3138,-121.0208,19.13,87,8,0.89,US,1692710280
320,sao miguel do araguaia,-13.275,-50.1628,33.91,25,100,3.85,BR,1692710275
321,as sanamayn,33.0723,36.1838,40.82,14,0,7.07,SY,1692710281
322,chimbarongo,-34.7,-71.05,12.49,94,100,5.17,CL,1692710282
323,corinto,37.9407,22.9573,34.94,29,0,8.78,GR,1692710282
324,tokar,18.4254,37.729,39.29,26,91,8.19,SD,1692710283
325,jasidih,24.5167,86.65,28.76,78,100,2.6,IN,1692710101
326,kingston,17.997,-76.7936,31.53,74,20,1.03,JM,1692710283
327,tofol,5.3248,163.0078,27.72,74,100,0.65,FM,1692710284
328,rabo de peixe,37.8,-25.5833,22.73,60,20,6.17,PT,1692710284
329,ulladulla,-35.35,150.4667,12.13,91,100,2.81,AU,1692710046
330,ca mau,9.1769,105.15,26.74,82,2,2.46,VN,1692710104
331,callao,-12.0667,-77.15,20.16,77,100,2.57,PE,1692710005
332,kyzylorda,44.8528,65.5092,36.01,14,20,2.0,KZ,1692710134
333,klyuchi,52.2667,79.1667,27.89,41,11,1.95,RU,1692710285
334,al jawf,29.5,38.75,43.31,7,11,1.73,SA,1692710285
335,zhanaozen,43.3,52.8,33.9,20,45,5.81,KZ,1692710285
336,aykhal,66.0,111.5,4.74,74,0,4.68,RU,1692710286
337,mogadishu,2.0371,45.3438,26.95,77,63,8.22,SO,1692710286
338,progreso,21.2833,-89.6667,26.73,80,32,2.4,MX,1692710286
339,chegdomyn,51.1167,133.0167,15.66,98,100,0.36,RU,1692710286
340,keflavik,64.0049,-22.5624,13.24,50,0,2.06,IS,1692710286
341,khadro,26.1472,68.7176,35.91,40,7,9.27,PK,1692710287
342,midvagur,62.0511,-7.1939,16.46,82,75,5.66,FO,1692710287
343,pangai,-19.8,-174.35,21.97,71,99,8.12,TO,1692710287
344,conneaut,41.9476,-80.5542,20.49,77,100,5.06,US,1692710287
345,chatra,24.2167,84.8667,27.21,79,92,0.76,IN,1692710093
346,saint-joseph,-21.3667,55.6167,23.21,76,25,6.11,RE,1692710288
347,dakingari,11.6451,4.0605,33.17,51,70,1.98,NG,1692710288
348,sultanah,24.4926,39.5857,45.25,5,40,6.17,SA,1692710288
349,fort bragg,35.139,-79.006,27.17,70,0,1.54,US,1692710288
350,greenville,35.6127,-77.3663,27.3,83,0,0.0,US,1692710200
351,midland,31.9974,-102.0779,27.67,59,0,3.09,US,1692710288
352,digboi,27.3833,95.6333,23.55,99,100,0.92,IN,1692710289
353,kasane,-17.8167,25.15,36.05,10,0,3.6,BW,1692710289
354,katsuura,35.1333,140.3,26.86,91,73,4.94,JP,1692710214
355,maceio,-9.6658,-35.7353,27.69,78,75,5.14,BR,1692710289
356,picota,-6.9197,-76.3304,25.27,85,62,0.48,PE,1692710290
357,birao,10.2849,22.7882,32.69,52,36,1.64,CF,1692710290
358,toulepleu guere,6.574,-8.4259,27.79,76,96,1.72,CI,1692710290
359,laguna,38.421,-121.4238,20.1,88,0,0.0,US,1692710290
360,velizh,55.6056,31.1967,18.14,77,95,3.85,RU,1692710291
361,hasaki,35.7333,140.8333,28.5,88,0,5.13,JP,1692710291
362,mogocha,53.7333,119.7667,10.88,78,100,2.07,RU,1692710291
363,afua,-0.1567,-50.3867,29.72,64,68,4.16,BR,1692710291
364,pustoshka,56.3355,29.369,21.6,47,100,4.37,RU,1692710292
365,devils lake,48.1128,-98.8651,16.06,93,100,2.06,US,1692710292
366,vorkuta,67.5,64.0,14.68,55,56,5.09,RU,1692710292
367,mugia,43.1041,-9.2179,34.39,73,17,6.36,ES,1692710292
368,rio preto da eva,-2.6994,-59.6997,32.4,36,0,2.06,BR,1692710293
369,hadibu,12.65,54.0333,29.06,68,9,8.26,YE,1692710157
370,cascina,43.6791,10.4994,41.4,34,0,5.14,IT,1692710293
371,arenapolis,-14.4503,-56.8461,33.36,27,100,4.52,BR,1692710293
372,sajir,25.1825,44.5996,42.27,7,49,4.38,SA,1692710293
373,essaouira,31.5125,-9.77,29.72,54,19,4.63,MA,1692710044
374,port isabel,26.0734,-97.2086,26.02,94,100,6.17,US,1692710293
375,medinipur,22.4333,87.3333,28.59,84,98,5.18,IN,1692710294
376,lautoka,-17.6167,177.4667,21.92,78,40,5.14,FJ,1692710294
377,duba-yurt,43.0372,45.7319,35.54,63,100,5.07,RU,1692710295
378,broome,42.2506,-75.833,18.53,80,0,4.63,US,1692710296
379,coihueco,-36.6167,-71.8333,7.41,100,75,3.09,CL,1692710296
380,isla mujeres,21.2311,-86.731,28.03,83,31,4.05,MX,1692710296
381,lata,40.1629,-8.3327,42.18,12,61,1.7,PT,1692710296
382,saint-francois,46.4154,3.9054,36.49,41,0,1.54,FR,1692710296
383,mount pearl,47.5166,-52.7813,17.47,97,100,4.12,CA,1692710228
384,zheleznogorsk-ilimskiy,56.5768,104.1217,11.79,88,40,0.26,RU,1692710297
385,acarau,-2.8856,-40.12,29.76,58,97,9.14,BR,1692710223
386,portland,45.5234,-122.6762,15.99,79,100,1.54,US,1692710297
387,arkhara,49.4212,130.0842,16.69,89,0,2.61,RU,1692710298
388,eraan,9.0629,117.7016,25.81,86,58,1.05,PH,1692710298
389,borogontsy,62.6683,131.1683,10.63,75,100,1.67,RU,1692710298
390,aswan,24.0934,32.907,44.78,10,0,4.0,EG,1692710299
391,porto novo,6.4965,2.6036,28.9,62,78,4.62,BJ,1692710299
392,ulsteinvik,62.3432,5.8487,21.06,78,84,2.24,NO,1692710299
393,kiknur,57.3034,47.2011,18.34,47,100,4.92,RU,1692710299
394,ziro,27.6333,93.8333,14.41,100,100,0.72,IN,1692710299
395,changling,44.2653,124.0005,17.75,67,0,3.58,CN,1692710299
396,baharly,38.4362,57.4316,35.03,18,0,2.81,TM,1692710299
397,san juan pueblo,15.5833,-87.2333,24.42,88,23,1.1,HN,1692710300
398,barcelos,41.5388,-8.6151,40.51,28,98,2.93,PT,1692710300
399,campbellsville,37.3434,-85.3419,26.13,92,99,1.56,US,1692710300
400,achinsk,56.2694,90.4993,17.2,76,42,2.05,RU,1692710301
401,rio grande,-32.035,-52.0986,19.41,90,100,7.18,BR,1692710301
402,aksu,41.1231,80.2644,33.27,16,30,3.49,CN,1692710301
403,liwale,-9.7667,37.9333,33.75,23,0,3.41,TZ,1692710302
404,nueva gerona,21.8833,-82.8,28.78,74,100,8.33,CU,1692710302
405,carutapera,-1.195,-46.02,27.87,71,100,5.08,BR,1692710302
406,qibray,41.3897,69.465,34.27,15,3,5.31,UZ,1692710302
407,muli,2.9167,73.5667,28.69,72,100,5.8,MV,1692710302
408,cliza,-17.6,-65.9333,15.64,34,93,1.31,BO,1692710303
409,aldama,22.9167,-98.0667,24.16,78,49,1.11,MX,1692710303
410,stephenville,32.2207,-98.2023,27.65,62,14,2.22,US,1692710303
411,tazovsky,67.4667,78.7,11.73,68,100,1.29,RU,1692710303
412,svencionys,55.15,26.1667,21.54,46,58,4.81,LT,1692710304
413,tamanrasset,22.785,5.5228,34.95,14,40,2.06,DZ,1692710304
414,undurkhaan,47.3194,110.6556,11.82,66,93,3.81,MN,1692710304
415,kalmunai,7.4167,81.8167,29.27,74,100,9.02,LK,1692710291
416,maturin,9.75,-63.1767,26.91,100,98,2.57,VE,1692710304
417,la'ie,21.6477,-157.9253,26.67,77,5,2.68,US,1692710304
418,glen innes,-29.7333,151.7333,7.73,76,6,1.1,AU,1692710305
419,bohuslav,49.5494,30.8744,29.09,25,0,7.08,UA,1692710074
420,san luis de la loma,17.2706,-100.8939,25.04,86,15,2.16,MX,1692710305
421,palikir - national government center,6.9248,158.1611,24.41,100,100,1.03,FM,1692710305
422,malvan,16.0667,73.4667,27.31,81,85,5.06,IN,1692710264
423,dongcun,36.7767,121.1597,23.1,78,99,1.42,CN,1692710305
424,sunne,59.8376,13.143,21.23,50,70,2.25,SE,1692710305
425,fort st. john,56.2499,-120.8529,8.94,81,20,2.57,CA,1692710306
426,eureka,40.8021,-124.1637,14.26,94,75,0.45,US,1692710306
427,andkhoy,36.9529,65.1238,36.74,16,0,6.15,AF,1692710306
428,lospalos,-8.5186,127.0025,20.66,93,21,2.88,TL,1692710306
429,al bawiti,28.3492,28.8659,37.17,18,0,7.13,EG,1692710306
430,robore,-18.3333,-59.75,31.07,33,72,3.74,BO,1692710306
431,chul'man,56.8479,124.9104,9.65,84,54,1.67,RU,1692710307
432,tarnogskiy gorodok,60.4997,43.5761,15.51,41,18,3.37,RU,1692710307
433,bhimunipatnam,17.8833,83.4333,28.94,78,56,6.84,IN,1692710307
434,mamuju,-2.6748,118.8885,26.07,84,46,1.46,ID,1692710307
435,ust'-kulom,61.6864,53.6902,8.65,88,96,2.78,RU,1692710307
436,verkhovyna,48.1557,24.7911,25.55,61,80,1.58,UA,1692710308
437,yuzhno-kurilsk,44.0306,145.8556,20.67,99,100,4.7,RU,1692710308
438,ovruch,51.3246,28.8035,25.39,35,68,6.15,UA,1692710308
439,nouadhibou,20.931,-17.0347,28.99,70,21,6.69,MR,1692710121
440,apache junction,33.4151,-111.5496,25.32,82,100,5.66,US,1692710140
441,camabatela,-8.1881,15.375,32.0,26,23,3.94,AO,1692710308
442,tisma,12.0819,-86.0174,26.1,89,40,2.06,NI,1692710309
443,yoloten,37.2989,62.3597,35.65,15,0,6.06,TM,1692710309
444,mil'kovo,55.6078,37.7956,18.92,69,96,3.43,RU,1692710309
445,taltal,-25.4,-70.4833,19.82,56,0,2.42,CL,1692710310
446,lodwar,3.1191,35.5973,36.06,27,93,6.34,KE,1692710310
447,sandakan,5.8402,118.1179,25.44,88,32,1.22,MY,1692709772
448,poso,-1.3959,120.7524,25.3,83,43,1.69,ID,1692710186
449,kidal,18.4411,1.4078,38.54,22,61,2.07,ML,1692710311
450,safi,32.1667,-8.8333,40.19,15,0,4.04,MA,1692710311
451,naha,26.2125,127.6811,28.15,78,20,1.54,JP,1692710086
452,tasqala,51.1167,50.3167,25.54,47,56,7.89,KZ,1692710311
453,ko lanta,7.5336,99.0865,27.99,75,26,3.84,TH,1692710312
454,bodaybo,57.8506,114.1933,15.79,69,99,0.81,RU,1692710123
455,grand-bassam,5.2118,-3.7388,26.98,81,84,3.91,CI,1692710121
456,vilyuchinsk,52.9306,158.4028,16.15,79,100,3.52,RU,1692710312
457,palmer,42.1584,-72.3287,20.32,65,40,7.2,US,1692710313
458,burela de cabo,43.65,-7.4,24.54,72,65,5.76,ES,1692710313
459,shakawe,-18.3667,21.85,37.32,6,0,1.19,BW,1692710313
460,mission,26.2159,-98.3253,26.09,92,75,6.17,US,1692710313
461,truckee,39.328,-120.1833,11.76,93,100,0.0,US,1692710240
462,hanceville,34.0607,-86.7675,27.87,77,50,1.32,US,1692710313
463,kiunga,-6.1219,141.2906,22.7,98,100,1.63,PG,1692710313
464,tangalle,6.024,80.7911,27.87,80,93,5.67,LK,1692710314
465,happy valley-goose bay,53.3168,-60.3315,15.17,58,75,6.17,CA,1692710314
466,santarem,-2.4431,-54.7083,30.07,74,20,6.17,BR,1692710214
467,buka,40.8108,69.1986,36.57,13,5,6.18,UZ,1692710314
468,at taj,24.2049,23.2857,39.69,10,0,4.02,LY,1692710314
469,zhezqazghan,47.7833,67.7667,31.32,20,20,4.0,KZ,1692710099
470,howard springs,-12.497,131.047,25.46,87,8,1.23,AU,1692710315
471,kayangel,8.0823,134.7173,28.08,80,69,6.09,PW,1692710315
472,narsingdi,23.9208,90.7181,29.01,87,100,4.44,BD,1692710296
473,boali,4.8005,18.1275,33.29,51,10,0.62,CF,1692710316
474,villa gesell,-37.2639,-56.973,11.7,90,100,4.46,AR,1692710316
475,nova vicosa,-17.8919,-39.3719,27.67,69,18,3.51,BR,1692710316
476,quthing,-30.4,27.7003,19.75,19,0,9.36,LS,1692710316
477,kismayo,-0.3582,42.5454,26.95,69,39,8.03,SO,1692710316
478,pontian kechil,1.4866,103.3896,28.33,82,96,4.39,MY,1692710125
479,xilin hot,43.9667,116.0333,13.05,65,82,0.52,CN,1692710316
480,kwang binh,17.4833,106.6,29.27,70,100,3.6,VN,1692710227
481,bardai,11.65,7.2333,32.42,44,12,2.48,NG,1692710317
482,nili,33.7218,66.1302,30.05,8,0,1.68,AF,1692710317
483,vila franca do campo,37.7167,-25.4333,23.23,59,37,4.51,PT,1692710317
484,queenstown,-31.8976,26.8753,22.21,15,0,12.35,ZA,1692710046
485,jaltepec,19.7333,-98.6333,10.98,91,11,0.67,MX,1692710318
486,oranjemund,-28.55,16.4333,16.0,64,5,3.54,NA,1692710318
487,port-gentil,-0.7193,8.7815,23.78,89,92,6.53,GA,1692710115
488,medicine hat,50.0501,-110.6683,15.55,98,100,3.09,CA,1692710318
489,cozumel,20.5083,-86.9458,29.97,89,40,2.68,MX,1692710318
490,ariquemes,-9.9133,-63.0408,31.7,31,21,0.5,BR,1692710319
491,jiazi,22.8779,116.067,28.19,85,100,1.84,CN,1692710146
492,imbituba,-28.24,-48.6703,21.03,67,12,6.22,BR,1692710319
493,sambava,-14.2667,50.1667,25.28,67,0,6.15,MG,1692710320
494,chibougamau,49.9168,-74.3659,11.37,61,10,3.48,CA,1692710320
495,apartado,7.883,-76.6259,24.92,94,75,3.09,CO,1692710320
496,sabha,27.0377,14.4283,39.55,14,0,3.84,LY,1692710164
497,kavieng,-2.5744,150.7967,26.81,81,96,2.07,PG,1692710320
498,vallenar,-28.5708,-70.7581,19.44,31,0,0.29,CL,1692710321
499,el bolson,-41.9667,-71.5167,3.69,100,100,2.24,AR,1692710075
500,walvis bay,-22.9575,14.5053,13.94,62,19,9.12,NA,1692710321
501,shindand,33.3029,62.1474,32.99,15,0,14.5,AF,1692710322
502,mao,39.8885,4.2658,31.31,58,20,3.09,ES,1692710322
503,forest,37.3638,-79.2897,27.36,86,0,2.57,US,1692710310
504,george town,5.4112,100.3354,28.96,79,20,1.54,MY,1692709828
505,muravlenko,63.7898,74.523,11.6,72,100,7.11,RU,1692710088
506,nicoya,10.1483,-85.452,23.71,96,100,1.62,CR,1692710322
507,anantnag,33.7333,75.15,26.87,60,3,0.82,IN,1692710323
508,bashtanka,47.4072,32.4387,32.27,28,35,6.62,UA,1692710323
509,usogorsk,63.4106,48.6872,10.15,79,85,3.1,RU,1692710323
510,pechora,65.1472,57.2244,8.94,93,100,1.92,RU,1692710323
511,san jose del guaviare,2.5729,-72.6459,24.56,92,100,1.03,CO,1692710226
512,lodja,-3.4833,23.4333,35.52,28,100,0.64,CD,1692710323
513,simanggang,1.2472,111.4528,26.99,94,81,0.0,MY,1692710324
514,greenland,43.0362,-70.8328,21.29,67,40,3.09,US,1692710324
515,dunda,-8.1167,34.25,33.09,15,3,2.5,TZ,1692710324
516,annamalainagar,11.4,79.7333,29.28,75,19,5.61,IN,1692710324
517,konarka,19.9,86.1167,29.22,83,100,6.05,IN,1692710324
518,la foa,-21.7108,165.8276,18.25,72,4,2.03,NC,1692710325
519,amarante do maranhao,-5.5667,-46.7422,30.04,54,58,3.45,BR,1692710325
520,garoua boulai,5.8833,14.55,28.01,56,97,1.87,CM,1692710325
521,lelystad,52.5083,5.475,25.58,65,0,0.45,NL,1692710325
522,aoulef,26.9667,1.0833,42.62,13,2,5.56,DZ,1692710325
523,hermiston,45.8404,-119.2895,19.6,75,100,5.66,US,1692710325
524,tabou,4.423,-7.3528,25.86,83,68,5.17,CI,1692710326
525,bukittinggi,-0.3091,100.3706,19.41,97,44,0.24,ID,1692709814
526,majene,-3.5403,118.9707,25.65,83,45,1.76,ID,1692710326
527,koksan,38.7819,126.6664,22.87,99,100,1.34,KP,1692710326
528,cape coast,5.1053,-1.2466,26.0,83,52,4.39,GH,1692710272
529,el alto,-4.2714,-81.2147,20.81,81,70,4.6,PE,1692710289
530,errachidia,31.9275,-4.4285,38.03,8,20,3.09,MA,1692710327
531,tazacorte,28.629,-17.9293,29.54,48,0,5.66,ES,1692710327
532,saynshand,44.8824,110.1163,17.67,33,5,3.11,MN,1692710327
533,daru,-9.0763,143.2092,24.55,85,95,7.36,PG,1692710327
534,christchurch,-43.5333,172.6333,7.17,80,72,1.54,NZ,1692710327
535,alesund,62.4723,6.1549,21.06,72,40,5.14,NO,1692710328
536,edd,13.9297,41.6925,30.67,62,100,8.81,ER,1692710328
537,mata-utu,-13.2816,-176.1745,27.54,76,8,9.46,WF,1692710328
538,khandyga,62.6667,135.6,10.08,89,100,1.22,RU,1692710328
539,vilyuysk,63.7553,121.6247,6.19,72,18,2.57,RU,1692710329
540,hereford,52.0568,-2.7148,23.69,70,34,3.58,GB,1692710329
541,pacasmayo,-7.4006,-79.5714,20.43,85,100,3.51,PE,1692710329
542,cerro largo,-28.1486,-54.7381,24.87,69,0,5.95,BR,1692710329
543,pokhara,28.2333,83.9833,23.28,97,97,1.04,NP,1692710085
544,kajiki,31.7333,130.6667,25.59,95,9,1.6,JP,1692710078
545,bakanas,44.8081,76.2772,33.26,14,2,5.17,KZ,1692710330
546,polatli,39.5772,32.1413,33.49,12,0,3.91,TR,1692710330
547,pahrump,36.2083,-115.9839,18.03,65,0,0.77,US,1692710330
548,vernon,50.2581,-119.2691,17.74,88,57,3.09,CA,1692710192
549,timmins,48.4669,-81.3331,15.9,77,75,1.03,CA,1692710238
550,ruthin,53.1137,-3.3178,20.69,77,40,1.79,GB,1692710330
551,kirensk,57.7853,108.1119,13.76,94,56,0.79,RU,1692710331
552,dapa,9.7594,126.0531,26.96,81,100,3.55,PH,1692710331
553,bairnsdale,-37.8333,147.6167,10.59,96,100,0.45,AU,1692710331
554,kupang,-10.1667,123.5833,24.56,70,11,6.32,ID,1692710188
555,sovetskiy,61.3614,63.5842,11.9,68,100,2.72,RU,1692710330
556,arraial do cabo,-22.9661,-42.0278,26.98,53,0,3.09,BR,1692710112
557,minas de marcona,-15.2119,-75.1103,14.22,76,87,3.8,PE,1692710332
558,pemangkat,1.1667,108.9667,26.93,80,99,1.49,ID,1692710332
559,podporozh'ye,60.9112,34.1706,16.13,60,97,2.1,RU,1692710332
560,singleton,-32.5667,151.1833,11.1,82,31,0.89,AU,1692710111
561,amory,33.9843,-88.4881,28.26,91,0,0.0,US,1692710332
562,mountain home,43.133,-115.6912,18.41,87,0,3.13,US,1692710333
563,fisterra,42.9049,-9.2629,34.3,73,12,4.96,ES,1692710333
564,zilair,52.2332,57.4392,25.29,40,13,3.83,RU,1692710333
565,mocimboa,-11.3167,40.35,27.58,56,0,5.61,MZ,1692710128
566,matoury,4.8483,-52.3317,29.98,70,75,4.12,GF,1692710333
